"gene","baseMean","log2FoldChange","lfcSE","stat","pvalue","padj"
"ENSG00000282057",213.129521887196,-1.38450579462299,0.395117689103075,-3.50403394433148,0.00045826694023415,0.0172794103923025
"ENSG00000133216",475.251359634868,-1.43359222116809,0.424554152379455,-3.37670050600938,0.0007336088130544,0.022866126294523
"ENSG00000143469",194.734271250108,-1.79146546987641,0.527633244774871,-3.39528543285932,0.000685570868981334,0.0220318791731434
"ENSG00000285928",15.5367659989776,-2.5464016623942,0.830399067418939,-3.06647943417009,0.00216595707869561,0.0408069871075904
"ENSG00000203721",32.4722165906937,-2.48822399952541,0.779242367532113,-3.19313233366109,0.00140738433361608,0.0318863918215544
"ENSG00000227496",22.2890939704725,-1.86905922874829,0.616378203694642,-3.03232531187011,0.00242677514575933,0.0433040810611794
"ENSG00000302966",31.6195778565644,-1.26536104220638,0.426587684985923,-2.96623903300943,0.00301466085078516,0.049146278211272
"ENSG00000143162",372.608923113314,-1.49628399404346,0.433913934402198,-3.44834280582597,0.000564037675666902,0.0195589616243149
"ENSG00000026751",10.1849721946796,-3.55555000879998,1.09213320005486,-3.25560106461499,0.00113152617306528,0.0283727766261072
"ENSG00000163431",66.6746895705105,-3.75615550742446,0.756861264186811,-4.96280584719863,6.94820300379224e-07,0.000238879219270377
"ENSG00000185860",29.1711753376389,-1.67175652152212,0.544171665996227,-3.07211239758615,0.00212549674760767,0.0405830341756351
"ENSG00000158109",231.299046952304,-1.36956878729427,0.257023431300644,-5.32857561026126,9.8985988518855e-08,5.67189714213039e-05
"ENSG00000143786",312.797002924344,-1.28803332152095,0.414447786054583,-3.10783014136144,0.00188466354242662,0.0372859714384683
"ENSG00000143367",140.839844598698,-1.22228147738039,0.390775066404113,-3.12783896021755,0.00176096637609326,0.0360721895052744
"ENSG00000058668",6111.16967932776,-1.45358537698009,0.228485550887038,-6.36182625700796,1.99368888963108e-10,3.8555451014353e-07
"ENSG00000163531",739.809649809553,-2.32856661243966,0.447668409979844,-5.20154328634559,1.97640426384544e-07,8.56992375431268e-05
"ENSG00000177628",363.226764072635,-1.07293896620443,0.233461045614291,-4.59579440065162,4.31103628272426e-06,0.00084425370038009
"ENSG00000064886",9.86421447442415,-3.42537889234168,1.15120989646295,-2.97545990775968,0.00292549587882122,0.0482884477141969
"ENSG00000143847",15.4068863206434,-2.62310283092274,0.734033938724746,-3.57354434521096,0.000352181566815217,0.0153044990821789
"ENSG00000173641",62.2571714778788,-3.96591708146452,0.810237850021279,-4.89475662160237,9.84274620456848e-07,0.00028731533307713
"ENSG00000162616",1907.16782593412,-1.79868734344765,0.441669097842454,-4.07247722839158,4.65157491371228e-05,0.00449778221812767
"ENSG00000162433",264.411382959345,-2.62286049646779,0.479298276381159,-5.47229277824897,4.44250086288882e-08,3.39305700126113e-05
"ENSG00000117394",432.38125710544,-1.49509404795463,0.363876432422998,-4.10879604924952,3.97727118193622e-05,0.0039276839395915
"ENSG00000123689",27.0096087275071,-3.57919494347833,1.0411029744675,-3.43788753971145,0.000586271129996243,0.0199633233730454
"ENSG00000198715",104.234720294918,-1.15731682751247,0.363946948916374,-3.17990528827979,0.00147323194898328,0.0326614568924694
"ENSG00000117758",820.582009918883,-1.13147537388379,0.193002682459476,-5.86248522282251,4.55990202753808e-09,6.41329493345833e-06
"ENSG00000116285",458.333581264912,-1.77685296834058,0.425481197463686,-4.17610220835253,2.96546616688988e-05,0.00316405014261748
"ENSG00000163346",340.598366187292,-1.32539392205454,0.403293851695007,-3.28642233568409,0.0010146875028154,0.0268345818052258
"ENSG00000159348",196.79856441811,-1.37792025813928,0.334034040867755,-4.12508933089488,3.70590888426043e-05,0.00372299456807747
"ENSG00000179163",76.2036128771296,-2.55468336730952,0.77004036243891,-3.31759670261725,0.00090795479592095,0.0256800158093108
"ENSG00000079739",158.172477137941,-1.16872901827753,0.299295691396876,-3.90493098254381,9.42522802415696e-05,0.00662807739826056
"ENSG00000168528",173.041954292157,-2.00209838634954,0.299761772660169,-6.67896499471017,2.40635626946588e-11,9.30718446122666e-08
"ENSG00000153029",146.506953577406,-1.67336626170118,0.438084781253295,-3.81973155267782,0.000133596993069287,0.00816948252875469
"ENSG00000001461",487.831218833691,-1.03911714842387,0.343328040193186,-3.02660146208616,0.00247319802854978,0.0438794113528597
"ENSG00000163393",59.0848859316527,-1.8229810715561,0.531229225977253,-3.43162797227981,0.000599969984485298,0.0201785557173305
"ENSG00000060642",129.895508921794,-1.70792687592736,0.485138696901559,-3.52049194763353,0.000430747071558562,0.0167439395579963
"ENSG00000213626",182.147324192826,-1.65075400871816,0.513154178619136,-3.21687726125553,0.00129594027020306,0.0309918963466117
"ENSG00000119866",35.1582984885729,-2.70989377557746,0.62560837407258,-4.33161365462008,1.48020506503051e-05,0.00203229387598118
"ENSG00000115009",26.8035748281367,-2.17986149800112,0.523976068175511,-4.16023103038162,3.17925830583647e-05,0.00334600715983646
"ENSG00000143878",287.93434876215,-1.1519183801872,0.219728569467027,-5.24246065489477,1.58449186240194e-07,8.17122453440679e-05
"ENSG00000163219",86.2592344158643,-1.36284783193073,0.350563919505804,-3.8875872732481,0.000101245589844978,0.00693084301102502
"ENSG00000288791",36.949916290854,-2.12259562504489,0.66994758990398,-3.16830100896268,0.00153332675291753,0.0335142205391906
"ENSG00000304396",25.5068931297351,-3.21862046814083,0.808283381819044,-3.98204459047187,6.83249569180723e-05,0.00549257912330628
"ENSG00000222005",18.0612665270299,-1.87170873698507,0.58675178243606,-3.18994981014657,0.00142297504068841,0.0320449008071184
"ENSG00000229647",43.3725998633561,-1.77021081595092,0.497429557082459,-3.5587165875981,0.000372671402664186,0.0157433675589056
"ENSG00000235770",38.6815881545805,-2.02916592578353,0.613999973224161,-3.30483064213867,0.000950338066334479,0.0261148849454009
"ENSG00000234199",47.3115887851631,-1.25884335480585,0.425222904195366,-2.96043167568292,0.00307208255005467,0.0496693878053165
"ENSG00000152127",1269.11383606403,-1.08828788037562,0.293738722164749,-3.70495204838956,0.00021143072682244,0.0113184940299999
"ENSG00000071967",1014.0848317126,-1.40536616716827,0.302606659935056,-4.64420104788799,3.41394992716041e-06,0.000733572490598593
"ENSG00000116016",1783.69179050737,-1.90267463842893,0.53691420931881,-3.54372189337824,0.000394521165628213,0.0161045829905913
"ENSG00000163235",73.3027899968035,-4.82346497134968,1.43001953609522,-3.37300634683672,0.000743522387553612,0.0229776275777445
"ENSG00000135636",409.683913153701,-1.28808910741095,0.419503566968985,-3.0705081168146,0.00213694877777426,0.0405835927794756
"ENSG00000153214",1564.56436013921,-1.20033946000354,0.314163435689737,-3.8207484501442,0.00013304730044935,0.00816948252875469
"ENSG00000197635",2818.87021689988,-1.33395305333584,0.375344174857316,-3.55394633163796,0.000379496647462258,0.0158253170697806
"ENSG00000118960",110.12891050705,-1.08171862470687,0.310762752830038,-3.48085031058558,0.000499824741021926,0.0182377088876184
"ENSG00000115963",3245.94492229226,-1.01943210856719,0.325856374526857,-3.12847066456014,0.00175718550662736,0.0360721895052744
"ENSG00000123989",343.675238817287,-1.37091279721631,0.284523847400478,-4.81827027766391,1.44808124498947e-06,0.000386263188641934
"ENSG00000068697",693.447238538674,-1.08284852843092,0.285564816763528,-3.79195357713697,0.000149466858429283,0.00892819214965034
"ENSG00000114948",767.390725762655,-2.25249805204233,0.468928524833235,-4.80349975050759,1.55916083537633e-06,0.000402029621401786
"ENSG00000119729",608.045173176215,-1.41740464833616,0.291411218216497,-4.8639330256776,1.15075866045342e-06,0.00031791762921205
"ENSG00000163328",120.551769117952,-1.78033280166096,0.438554363208143,-4.05954871509509,4.91676496561403e-05,0.00452200513038288
"ENSG00000115648",179.112168331341,-2.1044521094296,0.612694742257039,-3.43474811237524,0.000593104846505471,0.0200347709176553
"ENSG00000115828",51.5043693891916,-3.70373996815467,0.677608547098807,-5.465899130128,4.60566201450998e-08,3.39305700126113e-05
"ENSG00000136542",2817.24659898749,-1.64413655165735,0.537667155995186,-3.05790772846105,0.00222888195356004,0.0412687490168721
"ENSG00000049323",1978.06662335063,-1.12262649577036,0.372136421910696,-3.0167068571422,0.00255536799104786,0.0447381839256753
"ENSG00000114923",72.8435545509914,-1.49505180049733,0.428942039177992,-3.4854401386313,0.000491328142320549,0.0180126485541261
"ENSG00000116005",1668.93837282534,-1.21413558406184,0.324646512911303,-3.73986947579984,0.000184115835241825,0.0103204930689358
"ENSG00000119801",620.659861290844,-1.64997876483832,0.324214068623283,-5.08916461227195,3.59644323255846e-07,0.0001426681365408
"ENSG00000163171",2049.30958821362,-1.40807242662356,0.299170209540868,-4.70659304208297,2.51891047190203e-06,0.000573089175158769
"ENSG00000152256",229.279582288283,-1.12802045346392,0.215567515288954,-5.23279424523624,1.66966563113217e-07,8.33270870298251e-05
"ENSG00000135931",479.209330368983,-1.28111867271455,0.267892671767599,-4.78220872658263,1.7337950964192e-06,0.0004257705386778
"ENSG00000082126",65.4197989498727,-1.57165077724365,0.432584551139549,-3.63316436775997,0.000279966547094123,0.0134569493191029
"ENSG00000078098",1389.20487739461,-1.47625270177577,0.256165357268101,-5.76288971123729,8.26858306959643e-09,1.06602707224772e-05
"ENSG00000153246",862.547415698735,-2.52931607976892,0.591943780433654,-4.27289915592315,1.92947732922377e-05,0.00240904166514394
"ENSG00000115414",176065.336348638,-1.76086803338231,0.43384576746567,-4.05874198950587,4.93377889407398e-05,0.00452200513038288
"ENSG00000084764",240.009153481362,-1.45342517656294,0.382361999706642,-3.80117579068539,0.000144011082499402,0.00866924302470136
"ENSG00000177694",142.851211861857,-1.29905799872709,0.414147848991839,-3.13670106434065,0.0017086023795412,0.0358358106692773
"ENSG00000114251",864.509743682797,-3.49372795199566,0.98575855606784,-3.5442025133741,0.000393802636017458,0.0161045829905913
"ENSG00000170044",21.4957316027336,-3.65424001077652,1.19124726425221,-3.06757473484769,0.00215803490444301,0.0408069871075904
"ENSG00000287348",41.1867884942886,-1.363951164473,0.450934067940767,-3.024724148037,0.00248859990696307,0.0440012904692865
"ENSG00000308136",52.2139946669164,-2.38238835384154,0.703946927662143,-3.38432950017073,0.000713523188133341,0.0225155190497184
"ENSG00000261786",56.5026685775508,-2.42495640678157,0.80913054560344,-2.99699031257443,0.00272659377682784,0.0465591151866252
"ENSG00000206538",899.616778188813,-1.96741080127058,0.433313079150403,-4.54039099195457,5.61500035958457e-06,0.00104662253690522
"ENSG00000172667",2234.10822621739,-1.10482023655298,0.349217009575005,-3.16370682486954,0.00155773625868381,0.0338479461490129
"ENSG00000163814",1123.86490454761,-1.7345954088319,0.539222589112519,-3.2168448500772,0.00129608667418123,0.0309918963466117
"ENSG00000090530",69.4224032099971,-1.15964313647132,0.368560919247279,-3.14640830297387,0.00165289081806494,0.0351262003383004
"ENSG00000114796",183.608997771488,-1.53468984237318,0.379020524037178,-4.0490942971274,5.14162263832488e-05,0.00465181542909498
"ENSG00000163491",648.482344261742,-2.32274200596445,0.551764141220014,-4.20966466002774,2.55749996765562e-05,0.00295276731340299
"ENSG00000164050",109.49379437196,-1.11810040287608,0.349060713014263,-3.20316885054431,0.00135924261254604,0.0316699434618972
"ENSG00000181458",90.2286810959025,-1.57717654644952,0.490278161297495,-3.21690148766898,0.00129583084745472,0.0309918963466117
"ENSG00000178038",62.1483724764808,-1.69281243847201,0.432292385476858,-3.91589696081435,9.00687124860527e-05,0.00641848411716715
"ENSG00000154175",499.870269867846,-1.82155092935473,0.451882206512999,-4.03103043912912,5.55328503832233e-05,0.00493763636941867
"ENSG00000163898",48.220497150562,-2.45415228503267,0.698909836815832,-3.51140040640087,0.000445752450647539,0.0170611582502603
"ENSG00000114268",22.3083541759128,-1.73770316386943,0.558411304974288,-3.11186959932597,0.00185906597743489,0.0370442488621604
"ENSG00000152952",13009.1593563725,-1.35815059419886,0.338037532814877,-4.01775087780754,5.87562661748721e-05,0.00502219996680357
"ENSG00000163536",23.0514943802057,-3.16152307636959,0.870145902749706,-3.63332524623631,0.000279791967755603,0.0134569493191029
"ENSG00000082781",1576.28047362258,-1.33222770567741,0.376505420799146,-3.5384024560648,0.000402555984030446,0.0162609494228069
"ENSG00000013297",1962.99364880544,-1.18122611473687,0.336849638557854,-3.50668660294256,0.00045372318280059,0.0172794103923025
"ENSG00000065534",1037.28189990023,-1.92133606585213,0.35609243461839,-5.39561046252259,6.82909624971051e-08,4.22611792317085e-05
"ENSG00000170153",76.6142850188866,-2.59199020953606,0.637658908099813,-4.06485375897914,4.80625884726304e-05,0.00451658813596773
"ENSG00000182585",64.8249133985518,-4.20711960411618,1.36064486478175,-3.09200417611616,0.00198810052225719,0.0387319800847741
"ENSG00000163749",25.3751076223256,-3.14952687692454,0.984454612827333,-3.19926062195916,0.00137780553439411,0.0318149692874796
"ENSG00000187653",27.7244581048454,-1.45841147943132,0.465952814108661,-3.12995529863077,0.00174832905565869,0.0360721895052744
"ENSG00000138685",2173.88189099081,-1.35124736297106,0.411809548177817,-3.28124340232054,0.00103350514464295,0.0272391108905812
"ENSG00000288781",30.4385571766687,-3.40642044084824,0.777806329918396,-4.37952265213068,1.18939558225094e-05,0.00185870091444487
"ENSG00000251432",90.9680762139337,-1.93594419524075,0.609525267077841,-3.17615085018865,0.00149243322426337,0.0328441456793437
"ENSG00000177822",15.2786443227766,-3.76436025935327,1.06290866458615,-3.54156512668841,0.000397760652170915,0.016194092236148
"ENSG00000218336",432.168617661261,-3.29040352980965,0.614529034185481,-5.35434999287035,8.58645191392566e-08,5.1092691369363e-05
"ENSG00000050730",47.6641951000177,-2.45036257297274,0.752541930987295,-3.2561143400448,0.00112948256549033,0.0283727766261072
"ENSG00000173320",46.59087253085,-1.76649431344511,0.576924054795942,-3.06191828674905,0.00219923479821518,0.04099486452953
"ENSG00000164096",354.312044080686,-1.12196678843155,0.328621136167907,-3.41416502150454,0.000639778124304208,0.0208818720698532
"ENSG00000118785",32.2434880161481,-6.52750548862085,1.82688286344257,-3.57302902076625,0.000352875636169174,0.0153044990821789
"ENSG00000163453",5609.63336940701,-1.31654987880226,0.335506863113955,-3.92406243670519,8.70681540199425e-05,0.00629453930300248
"ENSG00000109680",147.040628406077,-1.08898708042414,0.324029115452782,-3.36076922872328,0.000777257375912791,0.0236417459851948
"ENSG00000181982",95.4373393697135,-1.39655650637566,0.454689741237834,-3.07144934164055,0.00213022307908578,0.0405835927794756
"ENSG00000256043",160.707190166097,-1.70997195083103,0.457586008761274,-3.73694107357015,0.000186272555187824,0.0103384382397123
"ENSG00000168936",59.1671276516244,-1.12547394127674,0.365461030394541,-3.07960041611472,0.00207278482903053,0.0399353101991672
"ENSG00000109323",370.0557821229,-1.26838238506265,0.303369486970665,-4.18098206819757,2.90252756092605e-05,0.00316156304500248
"ENSG00000109501",140.315394455551,-1.03913784017411,0.306497997593484,-3.39035768041898,0.000698014867915969,0.0221745133912278
"ENSG00000172399",36.1971080032394,-3.50494858998985,1.02441682621321,-3.42140864958848,0.000622976491893742,0.0205941651839489
"ENSG00000154277",1098.85859036342,-1.0736865485147,0.268980174806835,-3.99169399486695,6.56029906080974e-05,0.00537007337406283
"ENSG00000127415",22.3136457729215,-2.63996771175929,0.585290741397433,-4.51052361678597,6.46678008947762e-06,0.00114997189384262
"ENSG00000052802",233.373549104271,-1.3763316432333,0.29512178895371,-4.66360565281469,3.10716544007657e-06,0.000686727950334638
"ENSG00000145335",24.8809301194615,-2.95232577339806,0.942776307871214,-3.1315230863877,0.00173902112835191,0.0360721895052744
"ENSG00000145362",139.701461756579,-3.08560945341064,0.622889656867982,-4.9537015414989,7.28148646273076e-07,0.000244895384923712
"ENSG00000151388",3168.65468111971,-1.09244314479021,0.272855778188842,-4.00373835599749,6.23493200385905e-05,0.00521408827198396
"ENSG00000145794",11.6685732077105,-4.07983024243095,1.26249515094969,-3.23156111875913,0.00123115991463475,0.0300681211006971
"ENSG00000250120",16.6683364401159,-4.64538864700901,1.39998650637836,-3.31816672935386,0.000906103802446304,0.0256746006000857
"ENSG00000224431",17.4100307264214,-1.77054184293819,0.566387190378365,-3.12602734139416,0.00177185077515237,0.0361639885783407
"ENSG00000039139",44.991465655726,-1.68310720493749,0.475913727441222,-3.53658049324783,0.000405342959489774,0.016288469938354
"ENSG00000262576",50.3603059519105,-3.08991005727653,0.820948264773108,-3.76383042618467,0.0001673303738121,0.00962367365519332
"ENSG00000253537",28.5910627207192,-2.2814721557381,0.731369022457051,-3.11945418206728,0.00181186437279494,0.0365898109456634
"ENSG00000253953",105.955199858089,-1.51641121165493,0.401999705156183,-3.77216995984059,0.000161833955072581,0.00941253052228531
"ENSG00000164251",337.903002818192,-2.68288844714792,0.625748562964645,-4.28748638980015,1.80706325661819e-05,0.00234933408765883
"ENSG00000173210",616.089652874956,-2.00982987092587,0.48106730234347,-4.17785590734433,2.94269975102034e-05,0.00316156304500248
"ENSG00000120708",14875.9669393176,-1.21754225067667,0.394657384895679,-3.08506136531186,0.00203510159595388,0.0393869487004343
"ENSG00000286953",10.8474678290879,-3.30548786900376,0.974294627920489,-3.39269844488305,0.000692077816626358,0.0221221816136909
"ENSG00000156453",63.3586875078794,-1.87339577040134,0.575681814759425,-3.25422086015384,0.00113703842726304,0.0283727766261072
"ENSG00000250331",63.0103613282872,-3.61762555777833,0.639377295600033,-5.65804507397048,1.53106930327188e-08,1.82209024545533e-05
"ENSG00000286828",42.1715941173089,-1.53997774051602,0.431787496955679,-3.56651767680547,0.00036175641865723,0.0155034170444488
"ENSG00000251513",15.2745944191794,-2.99774217559347,0.868126148876631,-3.45311816660816,0.00055414619969199,0.0194329266219123
"ENSG00000164176",2388.1882071795,-1.30436264020158,0.378722210420877,-3.44411445727472,0.000572933105489495,0.0196537651330997
"ENSG00000156463",168.527837138135,-1.51871700864105,0.389675940706617,-3.8973845957415,9.7237133234289e-05,0.00677304225071687
"ENSG00000113083",4550.35700113507,-1.54291436028163,0.372035697739092,-4.14722127381355,3.36534782425761e-05,0.0034710197459393
"ENSG00000256235",97.4469692941237,-1.39406995683625,0.458739843369606,-3.03891187344075,0.00237434298786284,0.0427133260060767
"ENSG00000120306",71.8337244961754,-1.34886700682294,0.367789288151486,-3.66749943589267,0.000244934090799118,0.0124650503906354
"ENSG00000072682",1370.56817156564,-1.41594374602,0.295615497543498,-4.78981568214857,1.66934581073924e-06,0.000417228825634811
"ENSG00000145901",1026.31915227661,-1.19261008010444,0.390394661706543,-3.05488316589972,0.00225148211420134,0.0414474621450612
"ENSG00000113140",13595.9308203642,-1.02594940402923,0.256716576234138,-3.99642835331954,6.43053317188309e-05,0.00532917342040307
"ENSG00000161011",2449.91318366577,-1.15154157485875,0.26223941364283,-4.39118421926899,1.12734973328647e-05,0.00181679455454948
"ENSG00000113578",117.965847201971,-1.68535834958321,0.50578181697947,-3.33218453689809,0.000861670988162939,0.0251864321731871
"ENSG00000178776",543.422266899679,-1.8927098859821,0.434206195550503,-4.35901169853748,1.30651129412258e-05,0.00193623861319455
"ENSG00000153071",2979.67026090689,-1.81863176713866,0.360109008133527,-5.05022569850381,4.41288361040091e-07,0.000162551719848839
"ENSG00000112378",1952.93223330359,-1.20792917181987,0.307727763093917,-3.92531749386297,8.661541963608e-05,0.00629120731075021
"ENSG00000137266",198.544326953532,-1.52562185689102,0.477707789695327,-3.1936298502983,0.00140496135809131,0.0318863918215544
"ENSG00000158406",15.965829202609,-3.71002268010602,1.11991981971966,-3.31275740886051,0.000923810717176643,0.0258358536825494
"ENSG00000188112",135.237562629028,-1.34712535926894,0.399668058940134,-3.37061050823361,0.000750018173737719,0.023114603916128
"ENSG00000079841",41.5878918058563,-3.04646257925445,0.876805187578613,-3.47450337020424,0.000511799934640255,0.0183438022846858
"ENSG00000283265",13.476816400914,-2.66722092566312,0.737754922111122,-3.61532108526058,0.000299975590447937,0.0138949771252097
"ENSG00000255330",13.0844203611637,-2.48257365720183,0.745788306689311,-3.32879134056476,0.000872237250863862,0.0253573495268141
"ENSG00000112715",1550.12165597674,-1.67129017311998,0.39653733565915,-4.2147107543905,2.50098509786969e-05,0.00290922860519864
"ENSG00000233452",80.9105024274343,-2.67953550506592,0.616923972689152,-4.34338042236536,1.40306862020721e-05,0.00203229387598118
"ENSG00000228495",56.5064493257288,-3.04516609789662,0.756951853244523,-4.02293235011464,5.7478009998161e-05,0.00498546763386606
"ENSG00000260604",111.188706366271,-2.10549771899377,0.506925960148025,-4.15346201322764,3.27482597637873e-05,0.00342329950544293
"ENSG00000146278",268.689600205751,-1.38229132467207,0.283788300271903,-4.87085381373254,1.11117031439214e-06,0.000312562107890197
"ENSG00000130363",172.359043594891,-1.32267112063073,0.402396528215548,-3.28698442428465,0.00101266434672699,0.0268345818052258
"ENSG00000137331",411.069359949257,-1.00754409804683,0.203854451084747,-4.94246798480729,7.71397758173219e-07,0.000253921164185061
"ENSG00000164442",269.686007058546,-1.90176410534339,0.511644750635484,-3.71696201902067,0.000201632741189373,0.0110311486638188
"ENSG00000146197",1215.98851478276,-3.444677986107,1.10673554596791,-3.11246710983193,0.00185530685810277,0.0370367127763974
"ENSG00000137393",30.2930666736793,-2.44921821420367,0.808908945838711,-3.02780458394389,0.00246337327499279,0.0438055723418545
"ENSG00000111846",50.8818495997499,-3.70448737439777,0.727332110077064,-5.09325426867963,3.51969150921647e-07,0.0001426681365408
"ENSG00000291237",2526.26329417863,-1.87094670704948,0.423410908407285,-4.41874942260532,9.92736656414712e-06,0.00161669776962021
"ENSG00000111897",1516.54073479638,-1.04700054936348,0.317002823476707,-3.30281143202629,0.000957207318805562,0.0261180854131232
"ENSG00000111981",30.9869886618097,-2.42300406260729,0.742246004628625,-3.26442183251578,0.00109687724650916,0.0279568169369741
"ENSG00000111859",298.954741778212,-1.14340390422035,0.358395267381767,-3.19034320004674,0.00142103929508508,0.0320449008071184
"ENSG00000204580",163.13774750938,-1.30515754299323,0.415445358989131,-3.14158652817535,0.00168035148628588,0.0354912099069177
"ENSG00000180596",26.7402787900428,-3.15981084091989,0.945041360949897,-3.34356883358401,0.000827081728166877,0.0244162027598476
"ENSG00000119899",179.885621221854,-1.43893592982921,0.380082843000839,-3.78584815475617,0.000153185197474208,0.00904552744321939
"ENSG00000204592",958.4977994778,-1.03137572298803,0.335360474455724,-3.07542421229547,0.00210203342925197,0.0402482168118282
"ENSG00000132429",66.6376588636837,-1.87605302408376,0.584741119057171,-3.2083480414524,0.00133499836107715,0.031435140488895
"ENSG00000010810",411.347790821977,-1.21455029110007,0.332445157072124,-3.65338542391994,0.00025880530130737,0.0129160542468591
"ENSG00000137216",220.691411237489,-1.02192451597755,0.315787330918159,-3.23611625902242,0.00121168023029746,0.0297998474546772
"ENSG00000128510",413.505458263417,-2.00511391216065,0.606980341180325,-3.30342479998863,0.00095511582368432,0.0261180854131232
"ENSG00000224116",46.3046823531504,-1.21754321843137,0.369268940244991,-3.29717202216789,0.0009766366483622,0.0264351187604534
"ENSG00000261115",189.239709058527,-5.57733769756321,1.1518781068693,-4.84195130049127,1.28570278395988e-06,0.000348966802993741
"ENSG00000033100",558.605919166984,-1.0874343142056,0.277362676847374,-3.92062236551024,8.83205747102759e-05,0.00635538423880316
"ENSG00000086289",632.540827739758,-1.20514003306681,0.40266566346879,-2.99290488959265,0.00276335851449653,0.0468771048001927
"ENSG00000157680",197.782207971569,-1.48422962159975,0.423901643708813,-3.50135377776289,0.000462900910929194,0.0172794103923025
"ENSG00000286458",326.056553522756,-1.09473467428554,0.290765275116398,-3.76501173961472,0.000166541257424916,0.00961402908067489
"ENSG00000234520",12.2062590378195,-2.71765939024686,0.717239502738509,-3.78905425575488,0.000151221887360173,0.00896380773697028
"ENSG00000175600",64.7267338110769,-1.50714855227047,0.448741343355464,-3.35861309546558,0.000783346596101724,0.0237165463567314
"ENSG00000186480",268.428306541704,-1.30638549601725,0.340276286945377,-3.83919052292632,0.000123440616486959,0.00788934087267044
"ENSG00000146674",3843.46045172457,-2.62813370489812,0.571513609115092,-4.59854964603102,4.25442338844907e-06,0.000843848515931994
"ENSG00000106537",373.031111562958,-1.47054015324319,0.408238080360584,-3.60216311017412,0.000315580240304874,0.014257612031067
"ENSG00000122641",10908.0081147211,-1.44433496273652,0.21982014721569,-6.57053041329884,5.01363419301115e-11,1.55131869200151e-07
"ENSG00000106366",50650.7080649675,-1.27529638045732,0.254305489680874,-5.01482049033893,5.30830017921859e-07,0.000186647072892479
"ENSG00000172331",304.541062955916,-1.10287049622645,0.329515215665346,-3.346948619655,0.000817063530383324,0.0243107255010082
"ENSG00000105967",30.41605081708,-4.33534742772773,1.07968016359362,-4.01539972105991,5.93451279994907e-05,0.00504466195208857
"ENSG00000091129",1364.50827439337,-2.89384838979126,0.924064493787193,-3.13165196720316,0.00173825799577041,0.0360721895052744
"ENSG00000136235",749.954701855654,-1.97887041681506,0.500690568532505,-3.95228219020585,7.74093781124291e-05,0.00588160062571432
"ENSG00000164603",119.638367157781,-1.22362589517449,0.310416720660206,-3.94188139276786,8.08449547593907e-05,0.00597246957285874
"ENSG00000106025",24.4996878015356,-1.74720817620854,0.528043007281476,-3.3088368790332,0.000936844025331926,0.0258358536825494
"ENSG00000122786",18833.8334208965,-1.33269681214064,0.364636277749253,-3.65486621453801,0.000257316124557963,0.0128832937315089
"ENSG00000134590",214.602587682213,-1.08862337555934,0.34086936893001,-3.19366735408504,0.00140477886539769,0.0318863918215544
"ENSG00000065923",1451.87200834781,-1.4077451348952,0.419066426739938,-3.35924102974924,0.000781568667770778,0.0237091154099641
"ENSG00000165169",384.678054903087,-1.02437416765935,0.335238726305575,-3.0556558275598,0.00224568874361516,0.0414474621450612
"ENSG00000198910",63.1373167837587,-3.40368836610541,0.532255128563363,-6.39484371957577,1.60711642617411e-10,3.55195688990566e-07
"ENSG00000010404",115.264506053175,-1.35214924590711,0.415850912273877,-3.25152405825815,0.00114788060419332,0.028505394586637
"ENSG00000102265",672.213280783179,-1.61900748679952,0.518512208878654,-3.12240957701039,0.00179377198106963,0.0364151868542035
"ENSG00000130827",812.08146781528,-1.29108936873814,0.297433736027468,-4.34076304181885,1.41988779801379e-05,0.00203229387598118
"ENSG00000102401",529.431566766107,-1.08329366556603,0.317882485718071,-3.40784319437719,0.000654785103798074,0.0212806070977927
"ENSG00000147100",135.25631397537,-1.20657316041848,0.372559973561201,-3.23860115429247,0.00120117418135026,0.0296385418814511
"ENSG00000102312",57.1142460737981,-1.79472714587406,0.505578713472648,-3.5498471317091,0.00038545490857137,0.0159448473008226
"ENSG00000182220",569.516870928166,-1.09465856389637,0.320505946911669,-3.4154079649513,0.000636865473693073,0.0208307521004345
"ENSG00000173281",251.793644115488,-1.49485191010914,0.321126731399731,-4.65502172177743,3.23946552830235e-06,0.000705884101244587
"ENSG00000176907",116.402558829297,-1.5369534942637,0.345327855872045,-4.45070812599952,8.55876008350429e-06,0.00142379115324618
"ENSG00000178719",233.184468455004,-1.20815815089023,0.303035172278828,-3.98685783503237,6.6954116556858e-05,0.00545182703816395
"ENSG00000185189",166.54731884206,-1.05391827931361,0.246660926000466,-4.27274111227336,1.93084588247591e-05,0.00240904166514394
"ENSG00000173530",964.401850790198,-2.09682252496769,0.494248045711414,-4.2424498046311,2.21093001947495e-05,0.00267099530928066
"ENSG00000104765",1561.66987991753,-1.72615014191476,0.317115770545447,-5.44328066354361,5.23081313271798e-08,3.51851782505564e-05
"ENSG00000173535",64.5758374718661,-1.98918329338639,0.587693127122148,-3.38473125103087,0.000712479753366715,0.0225155190497184
"ENSG00000156804",1074.1747886955,-2.42627079714957,0.495495875881886,-4.8966518496875,9.74833243306117e-07,0.00028731533307713
"ENSG00000169439",261.285228902697,-1.31330373722456,0.335481805510496,-3.91467947189008,9.05243828493504e-05,0.00641848411716715
"ENSG00000133872",942.319298958146,-1.36076074064668,0.417523689030412,-3.25912224000196,0.00111757503237503,0.0282516394213629
"ENSG00000164938",224.94325747094,-1.16385457124806,0.350082806709004,-3.32451222666149,0.000885733496127628,0.0254706002204285
"ENSG00000176595",12.2353706865914,-2.89657510989065,0.885820422169816,-3.26993489582854,0.00107572239277217,0.0277375018976304
"ENSG00000164733",3655.39462371936,-1.70593451219985,0.389147464035201,-4.38377394140115,1.16640811389105e-05,0.00184137754387841
"ENSG00000155926",10.1531840523581,-3.91577838824872,1.2868773925515,-3.04285273089216,0.00234346989566108,0.0423055108002014
"ENSG00000104763",1079.99936021274,-1.32971226265799,0.342202014630753,-3.88575229194015,0.000102013485977571,0.00695264599805725
"ENSG00000182372",159.879451359772,-1.2993921820016,0.361080467652979,-3.59862218648282,0.000319907542022041,0.0143457669061536
"ENSG00000260947",13.9355011659756,-6.28542153429886,1.75278721949816,-3.58595810397251,0.000335842878609937,0.0149305321119952
"ENSG00000165029",1539.40831074701,-1.55863993269925,0.303388047176107,-5.13744673597673,2.78496366608245e-07,0.000116449115886383
"ENSG00000119138",331.325479610742,-1.06775824403317,0.315911514398278,-3.37992822473389,0.000725047615502085,0.0227167497752146
"ENSG00000147889",61.7810077897626,-1.79305443913809,0.466203675144185,-3.84607529870618,0.000120024891261266,0.00776947737532657
"ENSG00000107282",160.128020987856,-1.86504658149611,0.545033714078573,-3.42189213863427,0.000621869781838041,0.0205941651839489
"ENSG00000138835",272.983260643109,-1.01667960243442,0.268265985578412,-3.78981927299632,0.000150756929337391,0.00896380773697028
"ENSG00000165072",156.473228533229,-3.1147313050008,0.648236520637501,-4.80493030836592,1.54805417966199e-06,0.000402029621401786
"ENSG00000167123",410.872873588007,-1.48519010048698,0.313197680152794,-4.74202139607939,2.11596270026914e-06,0.000488597894565131
"ENSG00000167106",153.260184854784,-1.17446432787252,0.304094718830284,-3.86216614477937,0.000112386090244179,0.00746233992346648
"ENSG00000197646",302.350689778232,-1.63446407430605,0.362763372311987,-4.50559289899964,6.61878741649822e-06,0.00116362795591641
"ENSG00000107331",194.258053539653,-1.23061575396184,0.381312145527224,-3.22731853259045,0.00124956272210756,0.03034848488811
"ENSG00000148180",635.912068162786,-1.44389196762903,0.376850335962887,-3.83147321320479,0.000127378244440769,0.00801084886074444
"ENSG00000176971",38.8439302181903,-2.93855361954633,0.536907564129842,-5.47310899653424,4.42207934302378e-08,3.39305700126113e-05
"ENSG00000149256",334.804025726924,-2.05848301176155,0.497604181382815,-4.13678801098724,3.52201211024759e-05,0.00358480587879213
"ENSG00000149968",179.539928949115,-4.87467779620233,1.63573416893177,-2.98011613915591,0.00288139116418562,0.0480262640770198
"ENSG00000262406",9.5259232647104,-3.52434764512373,1.16413225288133,-3.02744609678209,0.00246629695745456,0.0438072103659926
"ENSG00000182667",354.955746412688,-1.3026780207692,0.429001627483289,-3.03653398335871,0.00239315130446101,0.0428523655455049
"ENSG00000182261",18.9835800295477,-2.65448490170565,0.796319258941195,-3.33344305302262,0.000857782291530894,0.0251816884862893
"ENSG00000245532",7135.65605251562,-1.28699148860104,0.344288117837087,-3.73812345510579,0.000185398907752324,0.0103384382397123
"ENSG00000166340",286.914400548574,-1.0481024293507,0.288962282053771,-3.62712538778906,0.000286594139707323,0.0135179815104024
"ENSG00000173156",14.3478566967869,-2.45690446305549,0.820796063797928,-2.99331901238303,0.00275961130415718,0.0468649247932116
"ENSG00000149591",2587.07168131563,-1.05617580328737,0.296318310797561,-3.56432851025845,0.000364788854625383,0.0155901888671527
"ENSG00000171533",20.0198102525142,-2.48798762353646,0.747161778244819,-3.32991822651993,0.000868714927356259,0.0253105247478883
"ENSG00000137486",96.9354016934645,-1.62417005595527,0.311703481149378,-5.21062533522657,1.88205184598563e-07,8.56388944389519e-05
"ENSG00000172893",159.949223002716,-1.07153442562672,0.280398372793495,-3.82147162607063,0.00013265767893885,0.00816948252875469
"ENSG00000117984",180.368317860412,-1.6467129211449,0.393738668646875,-4.18224841061206,2.88640346224459e-05,0.00316156304500248
"ENSG00000148926",173.715948585883,-2.42069973791242,0.630542661130977,-3.83907368546724,0.000123499365832175,0.00788934087267044
"ENSG00000110455",25.3612618232421,-1.50050661158288,0.498977398067469,-3.00716348554928,0.00263697904012971,0.04554686660732
"ENSG00000133805",188.607266914961,-3.53413705033189,0.586922145518903,-6.02147504113569,1.72834677702272e-09,2.97102810970205e-06
"ENSG00000221968",321.382188336437,-1.06608989902666,0.200821011030117,-5.30865716469666,1.10435835036374e-07,6.10197429945621e-05
"ENSG00000165757",542.512690357458,-3.38780442909277,0.60161032010285,-5.63122725107773,1.78931772739694e-08,1.8455023040372e-05
"ENSG00000166317",18.2947918446542,-4.39146146293908,1.38155051801065,-3.17864703873625,0.00147964148939113,0.0327489749390131
"ENSG00000148848",2105.62436071713,-1.44860769049196,0.394493350462292,-3.67207124985604,0.000240592579090916,0.0124073593037185
"ENSG00000156042",65.1277453011862,-2.51239101771814,0.684730270997772,-3.6691689036285,0.000243340272733293,0.0124650503906354
"ENSG00000107957",2289.02268604351,-1.00894627077858,0.314711177408518,-3.2059435546164,0.00134620392669824,0.0315789163769309
"ENSG00000067064",253.318467384916,-1.04687366782625,0.339347072696783,-3.084964486379,0.00203576459505701,0.0393869487004343
"ENSG00000119938",181.421222404924,-2.47098247764658,0.5904895284974,-4.18463386460791,2.85626091782386e-05,0.00315637233283235
"ENSG00000156113",435.291784770905,-2.03739809597582,0.472378798530175,-4.3130599898117,1.61010406851055e-05,0.00212905299520742
"ENSG00000296389",12.8723302482918,-2.78871866091734,0.832096425879105,-3.35143689383244,0.000803933595895635,0.0241402462474783
"ENSG00000225383",59.1343753178781,-1.85675959528463,0.598921007247057,-3.10017443505486,0.00193406703900878,0.0379720192392193
"ENSG00000233117",39.1125753246279,-1.32915861819651,0.444040430697969,-2.9933279186025,0.00275953076680404,0.0468649247932116
"ENSG00000077420",14.8369336484666,-4.1530883066298,1.08368045977896,-3.83239198340524,0.000126903324271211,0.00801084886074444
"ENSG00000048740",445.736758305251,-1.06735855804702,0.298890419313905,-3.57106982718653,0.000355526088226432,0.0153212927881647
"ENSG00000120549",120.3625193194,-2.04517810714625,0.550859011161606,-3.7127070007143,0.000205054227084188,0.0111704012226038
"ENSG00000176171",1095.13451669744,-1.05897540816526,0.26882083071724,-3.93933537568427,8.17076453684381e-05,0.00599099043362609
"ENSG00000151240",271.752071120249,-1.08373541678003,0.249617190123136,-4.34158968076445,1.41455518556857e-05,0.00203229387598118
"ENSG00000123240",1096.39980929556,-1.05701515934968,0.282398777157587,-3.7429877352473,0.000181845107970128,0.0102491438732623
"ENSG00000148677",4951.43773349122,-2.14550424682438,0.556282568413813,-3.85686046740972,0.000114852679169143,0.0074974084363958
"ENSG00000107798",329.141707179441,-1.37921014061684,0.26523880510641,-5.19988068888908,1.9941649224695e-07,8.56992375431268e-05
"ENSG00000122884",2305.43576187252,-1.22204419356998,0.306633584315577,-3.98535664740591,6.73788457103818e-05,0.00545768650254092
"ENSG00000138316",116.62084059086,-3.56945428861938,0.749719662225021,-4.76105198845384,1.92586424569173e-06,0.000458385319155334
"ENSG00000197746",3207.9077396084,-1.52565618607708,0.356975290851958,-4.27384254645732,1.92132738898456e-05,0.00240904166514394
"ENSG00000150593",295.923491385628,-1.1285454531379,0.352212430226056,-3.20416134210135,0.00135456544590211,0.0316622019630167
"ENSG00000120594",331.104302902533,-1.80500087317878,0.554526062533696,-3.25503343329169,0.00113379017883728,0.0283727766261072
"ENSG00000153233",12.0010189286437,-2.86468212958138,0.835538605044454,-3.42854550619952,0.000606824794659662,0.0203648294971358
"ENSG00000171310",157.783350106578,-1.27847289443389,0.417590657370477,-3.06154573113367,0.00220197352621287,0.04099486452953
"ENSG00000152137",128.187863626057,-1.25179574247625,0.302135449081573,-4.14316077865553,3.42551613618478e-05,0.00350967947966323
"ENSG00000139278",2598.98284699213,-1.06236004321004,0.265281269948174,-4.0046552981957,6.21079785792069e-05,0.00521408827198396
"ENSG00000072657",245.955190112654,-2.11372781668988,0.660662396386672,-3.19940688050416,0.00137710665958906,0.0318149692874796
"ENSG00000196876",157.758597820459,-3.91266123547551,1.10288268535449,-3.54766765988162,0.000388658297406201,0.0160018924885739
"ENSG00000289832",15.2689615140314,-4.11652889752948,1.25638867801631,-3.27647723157534,0.00105110787229741,0.0275155497331864
"ENSG00000256546",53.8859722130362,-1.37932237621217,0.329434677763434,-4.18693740918999,2.82743755909876e-05,0.00314699902710913
"ENSG00000123384",7776.73726133953,-1.34766609893005,0.282613378834823,-4.76858563627206,1.8552380771637e-06,0.00044847481705937
"ENSG00000166046",68.5312486629251,-1.45631313350094,0.398909068321714,-3.65073960245607,0.000261486244886459,0.0130078896933711
"ENSG00000139112",206.034196738066,-1.57699078065401,0.473313372867868,-3.33181116582196,0.000862827810211955,0.0251864321731871
"ENSG00000111261",40.499679954863,-1.26612801526304,0.422560705705164,-2.99632218085717,0.00273257556650867,0.0465591151866252
"ENSG00000111110",110.865828679373,-1.74074523024796,0.381896578712884,-4.55815874579143,5.16040278273285e-06,0.000992039828402329
"ENSG00000012822",271.565471451999,-1.26276585007392,0.39955986774863,-3.16039210141182,0.00157556949350061,0.0341395457058094
"ENSG00000123095",182.504972959228,-1.64368332073777,0.327578378821136,-5.01767951429803,5.22993256340568e-07,0.000186647072892479
"ENSG00000136052",81.9162080344263,-1.86159386147717,0.569779182024249,-3.26721986377863,0.00108609295891203,0.0278194439856424
"ENSG00000119242",385.329952977258,-1.0958504946727,0.336984735786283,-3.25192917749157,0.00114624579329126,0.028505394586637
"ENSG00000136048",706.622726071007,-1.6067858747953,0.326037636472643,-4.9282220671788,8.29812707013304e-07,0.000255549653509162
"ENSG00000151176",631.374447574031,-1.42544972612737,0.314647716971512,-4.53030373093867,5.88989493706001e-06,0.00107203017142653
"ENSG00000111674",245.358999585627,-1.04485062938042,0.258910733038552,-4.03556321176086,5.44714712116039e-05,0.00487126087349551
"ENSG00000111186",246.174202352098,-3.37261570925398,0.646713255181646,-5.21500940676821,1.83807907260832e-07,8.56388944389519e-05
"ENSG00000186815",165.821432323166,-1.10384171916021,0.286642515660409,-3.85093508064222,0.000117667690050901,0.00764889425536763
"ENSG00000185950",97.759191879621,-1.75834521545422,0.563201029431733,-3.1220561106367,0.00179592706158343,0.0364151868542035
"ENSG00000122042",218.295660435211,-1.32503812543459,0.373586673367056,-3.5468024421008,0.000389936879852135,0.0160018924885739
"ENSG00000272695",28.5809323065629,-2.00585433284337,0.654452572537066,-3.06493459880129,0.00217717600671144,0.0408069871075904
"ENSG00000183087",1373.22910699353,-2.01006637587439,0.448789212267833,-4.47886517975126,7.5040907661064e-06,0.00127577789277398
"ENSG00000136167",16.7598766861899,-3.06176170832976,0.998772439800939,-3.06552482459366,0.00217288338641109,0.0408069871075904
"ENSG00000102802",481.854883704508,-1.61479340061144,0.506329841813778,-3.1892123814526,0.00142661024192134,0.032080068390647
"ENSG00000185567",1845.84594682814,-1.54232449765101,0.313144834305129,-4.92527523589345,8.42416930319131e-07,0.000255549653509162
"ENSG00000165617",256.450065211817,-1.33191886172611,0.336992860465475,-3.95236522188152,7.73825149811667e-05,0.00588160062571432
"ENSG00000170054",77.7230495003648,-6.86329811659198,1.48376531898643,-4.62559545554033,3.73523728222334e-06,0.000770504746577032
"ENSG00000165943",96.4770739178986,-1.29219394351046,0.350054535050953,-3.69140752118058,0.00022301648419987,0.0117581888911704
"ENSG00000179476",58.3445507026963,-1.60614346587009,0.375466187932056,-4.27773130442503,1.88807728467641e-05,0.00240904166514394
"ENSG00000089723",45.1573030534091,-1.75721174638903,0.496396497818152,-3.53993582572123,0.000400224339897745,0.0162516292980525
"ENSG00000119714",30.1002526498753,-2.12768025478782,0.693126982372685,-3.06968320220983,0.00214285936435412,0.0406276681690227
"ENSG00000258289",570.261390187124,-1.23480098767834,0.210083689413438,-5.87766233126408,4.16100601114061e-09,6.41329493345833e-06
"ENSG00000182218",70.1911107647212,-1.20865048847138,0.334960747844671,-3.60833469667274,0.000308168768267374,0.0141590173596166
"ENSG00000020577",623.322053558453,-1.0545076770074,0.27666635360815,-3.81147784417951,0.000138138438869076,0.00838094034409208
"ENSG00000197324",1051.3231998826,-1.04498780275624,0.259430905086605,-4.0280004512469,5.6253235744429e-05,0.00495517196652533
"ENSG00000140092",397.038279818232,-1.53404923147606,0.461913050093212,-3.32107791967882,0.000896704990244041,0.0255957987159881
"ENSG00000259721",16.132538576685,-3.31844828133898,0.905872532278006,-3.66326184214246,0.000249023748244496,0.0125903477421261
"ENSG00000138623",439.818820644647,-1.39895852823446,0.466091089216166,-3.00147022889263,0.00268679310185831,0.0461655403240443
"ENSG00000166963",4135.1239693347,-1.45389731714347,0.361565176074547,-4.02112098551135,5.79218448365031e-05,0.00498546763386606
"ENSG00000298771",11.7515439045499,-3.71563781202753,0.987612257575559,-3.76224351563727,0.000168395966074089,0.0096490888560453
"ENSG00000259345",66.6635525439458,-1.38901625642857,0.464659323718442,-2.98932182251925,0.00279597467155756,0.0471480725587564
"ENSG00000175746",65.7665905647492,-1.19793330823555,0.403369973233312,-2.96981279650842,0.00297981275802443,0.048834208247909
"ENSG00000104154",249.807301121673,-1.0380458451787,0.281243111597567,-3.69092007012086,0.000223444349686775,0.0117581888911704
"ENSG00000166923",13016.8432445285,-4.04974882763217,1.26672894169617,-3.19701294754464,0.0013885869352872,0.0318863918215544
"ENSG00000198794",15.5111092891189,-2.19212953823705,0.741118921466707,-2.95786475657473,0.00309778004110269,0.0499081552288291
"ENSG00000137767",91.5190058112811,-1.20775492665196,0.365640954438803,-3.30311720279163,0.000956164155503591,0.0261180854131232
"ENSG00000166922",10.3893318235946,-3.32331435602675,1.10102720827868,-3.01837623179389,0.00254133185041002,0.0445770352128043
"ENSG00000140450",251.129917504319,-1.83740849732527,0.493220700700418,-3.72532721095442,0.000195062030229626,0.0107778738202948
"ENSG00000140545",222.129277874439,-1.57332390802205,0.524219934161843,-3.00126684525568,0.00268858844495921,0.0461655403240443
"ENSG00000188549",794.028814952422,-1.21480239167521,0.246512389848813,-4.92795673442723,8.30940109303542e-07,0.000255549653509162
"ENSG00000171724",39.9365973757893,-3.51000142244113,0.712129676219826,-4.92887958422565,8.27025253623193e-07,0.000255549653509162
"ENSG00000225614",371.453952866129,-1.71103113534536,0.391186561384312,-4.37395172597556,1.2201737221606e-05,0.00188773076555466
"ENSG00000103381",335.809515967099,-1.52218368804598,0.291835022814736,-5.21590477169116,1.82922139207043e-07,8.56388944389519e-05
"ENSG00000127585",43.882134174073,-3.78742051977356,0.964315238806641,-3.92757509925963,8.58066317421477e-05,0.00626186037586211
"ENSG00000135740",19.9595153703664,-2.40316828592517,0.64929835227373,-3.70117724388132,0.00021460150228302,0.0114092778069437
"ENSG00000103260",71.9142607173583,-1.01433528867254,0.319973375845905,-3.17006152774732,0.00152406661754113,0.0333977827761739
"ENSG00000174938",134.440865036088,-1.36593750237468,0.337806975727954,-4.04354439227066,5.26491821147905e-05,0.004735671491267
"ENSG00000150394",402.342697677263,-3.2785315429634,0.606979714840104,-5.40138568523176,6.61280744012316e-08,4.22611792317085e-05
"ENSG00000103066",75.6370703037587,-1.04384421761591,0.350632068936959,-2.97703578791473,0.00291050033530017,0.0482102255754057
"ENSG00000140941",965.392830925852,-1.08117432080007,0.279520879662953,-3.86795548906312,0.00010975169178275,0.00735051265615119
"ENSG00000011638",68.8232576779828,-1.4235428051182,0.404799442066326,-3.51666197426466,0.000437009930725495,0.0168603008435265
"ENSG00000102996",91.1882072620828,-1.68327744812545,0.440019664879455,-3.8254595930084,0.00013052834360966,0.00812517431843752
"ENSG00000182534",1383.36718914027,-1.51584916488936,0.384431044836992,-3.94309769007369,8.043587119125e-05,0.00597246957285874
"ENSG00000175155",123.984352025721,-1.84528283487885,0.395503291631932,-4.66565733818501,3.07631993802604e-06,0.000686727950334638
"ENSG00000212724",15.8502456412586,-7.45004730028456,2.44258725663347,-3.05006393530142,0.0022879265529649,0.0415940208001411
"ENSG00000171346",17.8163280427602,-2.56525703570358,0.765726198651705,-3.35009699318177,0.000807832675812284,0.024174041252402
"ENSG00000263535",20.7887730825374,-1.74004611932247,0.525542028415287,-3.31095521431347,0.000929780880450854,0.0258358536825494
"ENSG00000170921",1257.99670521213,-1.40699606741621,0.437374416928125,-3.21691441693862,0.00129577245368243,0.0309918963466117
"ENSG00000182742",14.8879837548024,-2.11806224440341,0.649648744790838,-3.2603191515214,0.00111286912080617,0.0282031645051523
"ENSG00000120075",16.3358909372172,-5.56518338714584,1.4114576380798,-3.94286249689854,8.05148220130265e-05,0.00597246957285874
"ENSG00000260027",20.7934509321765,-3.45413852605688,0.848541984329118,-4.0706748632925,4.6877138271259e-05,0.00450457270928353
"ENSG00000267750",11.2532427981014,-4.5210183857756,1.26472287800892,-3.57471068515273,0.000350615383833932,0.0153044990821789
"ENSG00000303847",21.2444394142698,-1.65960315091654,0.558884016589662,-2.96949474605398,0.00298289913206318,0.048834208247909
"ENSG00000293515",31.0374495215724,-2.27286559369695,0.448009052429828,-5.07325818835536,3.91061325962267e-07,0.000151252744349056
"ENSG00000215769",79.4321022117668,-1.801837378774,0.460381189911539,-3.91379452127534,9.08569595798335e-05,0.00641848411716715
"ENSG00000123700",142.61943400607,-2.43631708948131,0.720844585644347,-3.37980909893849,0.000725361928056106,0.0227167497752146
"ENSG00000005884",2552.6067933726,-1.11230337619203,0.300210761972665,-3.70507495761698,0.000211328228390524,0.0113184940299999
"ENSG00000176658",392.295589547269,-1.43112195070672,0.430070782396963,-3.32764281900408,0.000875840822702511,0.0253747815880722
"ENSG00000108306",309.929762893851,-1.0829227248907,0.360126206935561,-3.00706447916043,0.00263783805055644,0.04554686660732
"ENSG00000159217",133.240400407505,-2.66679347156271,0.477314684428366,-5.58707611259954,2.30924532541645e-08,2.23289590184486e-05
"ENSG00000167107",123.157222430944,-1.11243044247454,0.320024306192527,-3.47608110055647,0.000508798398083833,0.0183438022846858
"ENSG00000030582",521.615260221772,-1.7272457726086,0.425591161991909,-4.05846250313214,4.939686297167e-05,0.00452200513038288
"ENSG00000161533",562.597530359452,-1.11723675818885,0.317275828224158,-3.52134218494423,0.000429368157884622,0.0167439395579963
"ENSG00000167703",98.4672213761058,-1.73384649473084,0.522060590880232,-3.32115950718948,0.000896442890438239,0.0255957987159881
"ENSG00000225190",233.088658740285,-1.0046912749723,0.284998050873134,-3.52525665313946,0.000423072681773572,0.0166935144765523
"ENSG00000070540",364.098783949967,-1.64489510175597,0.376285076936373,-4.37140668757936,1.23448607525079e-05,0.00189096376932723
"ENSG00000141504",59.494268860136,-1.14564453682216,0.350331699685551,-3.27017092044614,0.00107482519434526,0.0277375018976304
"ENSG00000033627",414.087935669174,-1.18738492166532,0.351677922392001,-3.37634194830631,0.000734565623965995,0.022866126294523
"ENSG00000083454",9.51444728884081,-4.24424375105234,1.29902349825977,-3.2672571025375,0.00108595009530216,0.0278194439856424
"ENSG00000173482",653.406519254421,-1.16597502558259,0.337805668980436,-3.4516147378513,0.000557242773360095,0.019460728999219
"ENSG00000197046",113.793677761703,-1.73320941965787,0.524670359530416,-3.30342545214314,0.000955113602187116,0.0261180854131232
"ENSG00000264301",16.7739832164619,-1.81598443250782,0.610153832669477,-2.97627308930066,0.00291774913550701,0.0482786062838812
"ENSG00000166396",15.3851856294117,-7.40692902992656,2.41050401182878,-3.07277191557426,0.00212080517590241,0.0405574497853971
"ENSG00000082397",847.961325686525,-1.43406411623287,0.409180416900345,-3.50472323943628,0.000457082176112616,0.0172794103923025
"ENSG00000124225",221.074678133723,-1.1816760226656,0.350965720272421,-3.36692717952162,0.000760107569009586,0.0232863845547471
"ENSG00000234948",13.9592638196207,-4.05967379501289,1.1255401879314,-3.60686703019825,0.000309916374032421,0.0141590173596166
"ENSG00000126005",111.809901737178,-1.35153415953336,0.386112659397599,-3.50036220423847,0.000464626379884806,0.0172794103923025
"ENSG00000054793",350.958513876107,-1.12817264762113,0.356089491614112,-3.16822785897796,0.00153371263278049,0.0335142205391906
"ENSG00000124145",1902.55421977276,-1.2076256208878,0.366809817707267,-3.29223909118906,0.000993930739601266,0.0266039835162131
"ENSG00000088367",219.670268410329,-1.21342267444677,0.312660086347606,-3.88096443208206,0.000104043057725549,0.00702903993917889
"ENSG00000088899",28.7079751036225,-1.61931501874282,0.469323190761013,-3.45031963180229,0.000559923184025922,0.0195102963514979
"ENSG00000101335",2487.73382148093,-1.79662546601827,0.318924568180322,-5.63338684212766,1.76704477816982e-08,1.8455023040372e-05
"ENSG00000064601",366.109473346977,-1.0583177542996,0.290699990312598,-3.6405840714393,0.000272020265868599,0.0132340425573997
"ENSG00000078804",135.230654429899,-1.31897254016266,0.275388838620469,-4.78949163942125,1.67204364225702e-06,0.000417228825634811
"ENSG00000166619",367.708737947942,-1.16412852501793,0.275174855539242,-4.23050471939619,2.33167551503997e-05,0.00277487322255257
"ENSG00000197496",339.235755083698,-1.07978962988112,0.346839162421313,-3.11322868600828,0.00185052567493023,0.0369979859230489
"ENSG00000267317",14.3308781534148,-1.96117128409941,0.632467760174935,-3.10082411719606,0.00192982881571075,0.0379369524877523
"ENSG00000080573",21.9188517557559,-1.72612511689278,0.560387774810729,-3.08023335711736,0.00206838466425247,0.0399002233673939
"ENSG00000104967",53.8754396205021,-2.11247218873589,0.607284877126716,-3.47855227143274,0.000504130106585715,0.0183438022846858
"ENSG00000011478",36.4442686365966,-1.56734679953885,0.440352653799484,-3.5592990890718,0.000371845871173518,0.0157433675589056
"ENSG00000099822",13.9127512066735,-3.22371851130339,0.983025698298833,-3.27938376065058,0.00104034058267627,0.0273726346166404
"ENSG00000130477",30.6382448951152,-3.21411142241839,0.971138846366102,-3.30963119686258,0.000934189734214239,0.0258358536825494
"ENSG00000269378",645.648697338978,-1.07922037906435,0.325127457354292,-3.31937630812991,0.000902187630939818,0.0256576191879962
"ENSG00000161681",40.3760872725738,-1.8775149299376,0.580251755249474,-3.2356902205843,0.0012134900068804,0.0297998474546772
"ENSG00000004776",131.4587443473,-1.90625652393494,0.622009502887855,-3.06467427761891,0.00217907175139521,0.0408069871075904
"ENSG00000256087",224.745893414492,-1.11810485556055,0.298756827927764,-3.74252485981974,0.000182180503209044,0.0102491438732623
"ENSG00000176490",10.1300710536617,-2.96438671680767,0.988114517589183,-3.00004368323646,0.00269940889366585,0.0462536571085719
"ENSG00000105270",119.963403837738,-1.44719360665344,0.336525736355752,-4.3003950376133,1.70493910823175e-05,0.00223534855452995
"ENSG00000087086",1872.9837518427,-1.21227640141862,0.355833737466167,-3.40686189581414,0.000657143684754766,0.0212806070977927
"ENSG00000028277",320.924609507699,-1.9922355813749,0.594303984622767,-3.35221642950867,0.000801673208128152,0.0241297396944565
"ENSG00000130311",135.746266897936,-1.2290727057064,0.311013247881967,-3.95183393015091,7.75545554680189e-05,0.00588160062571432
"ENSG00000090339",367.823287609947,-1.48792584962821,0.267813700635031,-5.55582423938762,2.7630479416756e-08,2.37483970587018e-05
"ENSG00000130517",167.867571992498,-1.62849554752059,0.470804905526273,-3.45896044923371,0.000542264525575089,0.0191976532612636
"ENSG00000105612",101.743594567254,-1.20746631787759,0.310126575906861,-3.89346290090346,9.8823321525565e-05,0.00682542681840186
"ENSG00000105499",32.9456886474339,-2.46937290251192,0.533783520557279,-4.62616923792225,3.72490967459127e-06,0.000770504746577032
"ENSG00000105223",228.06064231569,-1.0488533954544,0.335620198157163,-3.12512000533188,0.0017773253600582,0.0361899375700088
"ENSG00000196110",208.717561492337,-1.2216901168909,0.351525599905617,-3.47539444415688,0.000510102697896676,0.0183438022846858
"ENSG00000167772",262.87918295897,-4.43567345496654,1.02462912599263,-4.32905267129644,1.49752118067258e-05,0.00203229387598118
"ENSG00000105290",80.4851818304039,-1.37947914860154,0.441427484063454,-3.12504136784388,0.00177780056578157,0.0361899375700088
"ENSG00000126458",240.772293355563,-1.18534369925808,0.291467818180211,-4.06680815281362,4.76614482364155e-05,0.00451658813596773
"ENSG00000130176",81.2670001584894,-1.78492449374896,0.570623850007316,-3.12802294142819,0.00175986444268646,0.0360721895052744
"ENSG00000105520",81.0275983056834,-1.40601703905863,0.353694769345873,-3.97522711930102,7.03121231480329e-05,0.00550400548809663
"ENSG00000228787",61.4071725231848,-3.64408733630535,0.80611083347239,-4.52057854204506,6.167085865757e-06,0.00110943006312938
"ENSG00000128342",1074.80598560766,-1.58897288673257,0.493796286927995,-3.21787127363367,0.00129145763941576,0.0309918963466117
"ENSG00000100292",440.100755225482,-1.99958824550447,0.570568741893074,-3.50455273604735,0.000457374971901681,0.0172794103923025
"ENSG00000185686",21.2048151734052,-6.89540743134753,1.51321322264775,-4.55679829395243,5.19392580315355e-06,0.000992039828402329
"ENSG00000198832",109.077347524574,-1.25061981539976,0.311038640553206,-4.02078601287427,5.80042772991979e-05,0.00498546763386606
"ENSG00000221890",104.657417245405,-2.95589264568238,0.723067868557088,-4.08798782828089,4.3513097758743e-05,0.00426070338876907
"ENSG00000291064",115.103480931136,-1.30597687115798,0.394470643007078,-3.31070738547847,0.000930604657836265,0.0258358536825494
"ENSG00000100344",34.0390056487152,-2.32302723503338,0.705305552543645,-3.2936465999105,0.000988967544414267,0.026563050138252
"ENSG00000185386",39.4816638799971,-1.32519165751456,0.438732608448054,-3.02049957536142,0.00252358062012805,0.0443159089375721
"ENSG00000100100",51.6330146934665,-2.34569171454467,0.463639048690741,-5.05930577066063,4.20785645011876e-07,0.000158779871072652
"ENSG00000159200",522.337812365473,-1.38448044123125,0.376028442430753,-3.68185032036827,0.000231547345489392,0.0121022600745486
"ENSG00000142156",3638.21807035772,-1.06047608707824,0.251412370655986,-4.21807441022587,2.463975131175e-05,0.0028878908526067
"ENSG00000159261",88.5756192759294,-1.65360471285523,0.51137399801528,-3.23365036015348,0.00122218981536858,0.0299659249343381
"ENSG00000156265",156.3452087581,-2.38273620393113,0.661380816899171,-3.6026690569926,0.000314966424558114,0.014257612031067
"ENSG00000154736",190.350842343126,-3.87182401780905,1.26482814450774,-3.06114631827386,0.00220491315873129,0.041000254181168
"ENSG00000210196",97.8562878656912,-1.41410651157805,0.315633569188209,-4.48021582499939,7.4567599522952e-06,0.00127577789277398
